,Reference,,,,,,,,,
,Ref:,CIE S 026 α-opic Toolbox - v1.049 - 2020/03,,,"for OPN1SW, OPN1MW, OPN1LW, OPN2, OPN4  ",,,,,
,Ref:,Kojima 2011 from CCH,,,for OPN5,,,,,
,Ref: ,http://www.cvrl.org/,,CIE,for OPS1,,,,,
,,,,,,,,,,
,,,,,,,,,,
,,,,,,Melnopic EDI,,,,
,,,,Illuminance,,EML,,,,
,OPN1SW,OPN1MW,OPN1LW,OPN1,OPN2,OPN4,OPN5,CIE_X,CIE_Y,CIE_Z
,S-cone-opic,M-cone-opic,L-cone-opic,Photopic ,Rhodopic,Melanopic,Neuropic,X_curve,Y_curve,Z_curve
380,0,0,0,0,0.000589,0.000918165,1,0.001368,0.000039,0.006450001
381,0,0,0,0,0.000665,0.00104557,0.997630184,0.00150205,4.28264E-05,0.007083216
382,0,0,0,0,0.000752,0.00117858,0.995260368,0.001642328,4.69146E-05,0.007745488
383,0,0,0,0,0.000854,0.00132279,0.992833615,0.001802382,5.15896E-05,0.008501152
384,0,0,0,0,0.000972,0.00148381,0.98741069,0.001995757,5.71764E-05,0.009414544
385,0,0,0,0,0.001108,0.00166724,0.981987765,0.002236,0.000064,0.01054999
386,0,0,0,0,0.001268,0.00188102,0.976469321,0.002535385,7.23442E-05,0.0119658
387,0,0,0,0,0.001453,0.00212989,0.967638912,0.002892603,8.22122E-05,0.01365587
388,0,0,0,0,0.001668,0.00241457,0.958808502,0.003300829,9.35082E-05,0.01558805
389,0,0,0,0,0.001918,0.00273583,0.94987066,0.003753236,0.000106136,0.01773015
390,0.00614265,0.000358227,0.000407619,0.000414616,0.002209,0.00309442,0.938168887,0.004243,0.00012,0.02005001
391,0.0074428,0.00043866,0.000497068,0.000502833,0.002547,0.00350706,0.926467114,0.004762389,0.000134984,0.02251136
392,0.00901661,0.00053623,0.000604713,0.000608499,0.002939,0.00399078,0.91380463,0.005330048,0.000151492,0.02520288
393,0.010917,0.000654061,0.00073364,0.000734444,0.003394,0.00454679,0.899088126,0.005978712,0.000170208,0.02827972
394,0.0132053,0.000795649,0.000887247,0.000883739,0.003921,0.00517625,0.88435379,0.006741117,0.000191816,0.03189704
395,0.0159515,0.000964828,0.00106921,0.00105965,0.00453,0.00588035,0.867333863,0.00765,0.000217,0.03621
396,0.0192347,0.00116572,0.0012834,0.00126553,0.00524,0.00669334,0.850313936,0.008751373,0.000246907,0.04143771
397,0.0231436,0.00140263,0.00153382,0.00150475,0.00605,0.00765102,0.83118386,0.01002888,0.00028124,0.04750372
398,0.027775,0.00167992,0.00182443,0.00178049,0.00698,0.00875694,0.811831374,0.0114217,0.00031852,0.05411988
399,0.0332339,0.0020018,0.00215896,0.00209557,0.00806,0.0100146,0.790281296,0.01286901,0.000357267,0.06099803
400,0.0396308,0.00237208,0.00254073,0.00245219,0.00929,0.0114277,0.768681395,0.01431,0.000396,0.06785001
401,0.0470801,0.00279433,0.00297282,0.00285222,0.0107,0.0130767,0.746974541,0.01570443,0.000433715,0.07448632
402,0.0557012,0.00327374,0.00345993,0.00329912,0.01231,0.0150397,0.72355914,0.01714744,0.000473024,0.08136156
403,0.0656137,0.0038166,0.00400793,0.00379747,0.01413,0.0173166,0.698735661,0.01878122,0.000517876,0.08915364
404,0.0769323,0.00443021,0.0046237,0.00435277,0.01619,0.0199071,0.670885124,0.02074801,0.000572219,0.09854048
405,0.0897612,0.00512316,0.00531546,0.00497172,0.01852,0.0228112,0.64578931,0.02319,0.00064,0.1102
406,0.104188,0.00590458,0.00609138,0.00566101,0.02113,0.0263194,0.624472175,0.02620736,0.00072456,0.1246133
407,0.120273,0.00678005,0.00695291,0.00642161,0.02405,0.0305964,0.600118778,0.02978248,0.0008255,0.1417017
408,0.138044,0.0077526,0.00789634,0.00725031,0.0273,0.0354538,0.573602899,0.03388092,0.00094116,0.1613035
409,0.157485,0.00882286,0.008913,0.00814017,0.03089,0.0407028,0.547109018,0.03846824,0.00106988,0.1832568
410,0.17853,0.00998841,0.00998835,0.00907986,0.03484,0.046155,0.521241062,0.04351,0.00121,0.2074
411,0.201077,0.0112452,0.0111054,0.0100561,0.03916,0.0517822,0.495659711,0.0489956,0.001362091,0.2336921
412,0.225091,0.0125949,0.0122607,0.0110646,0.0439,0.0577804,0.466599514,0.0550226,0.001530752,0.2626114
413,0.250566,0.0140425,0.0134578,0.0121052,0.049,0.0642972,0.439440881,0.0617188,0.001720368,0.2947746
414,0.277507,0.0155944,0.0147044,0.0131801,0.0545,0.0714801,0.414462028,0.069212,0.001935323,0.3307985
415,0.305941,0.0172596,0.016013,0.0142938,0.0604,0.0794766,0.389331665,0.07763,0.00218,0.3713
416,0.335858,0.0190467,0.0173958,0.01545,0.0668,0.0891807,0.364153643,0.08695811,0.0024548,0.4162091
417,0.366981,0.0209545,0.0188452,0.0166409,0.0736,0.100756,0.340926002,0.09717672,0.002764,0.4654642
418,0.398876,0.0229763,0.020344,0.017853,0.0808,0.113256,0.317539715,0.1084063,0.0031178,0.5196948
419,0.430998,0.0251017,0.02187,0.0190702,0.0885,0.125732,0.293310056,0.1207672,0.0035264,0.5795303
420,0.462692,0.0273163,0.0233957,0.0202737,0.0966,0.137237,0.271135238,0.13438,0.004,0.6456
421,0.493357,0.0296062,0.0248961,0.0214481,0.1052,0.147446,0.251456121,0.1493582,0.00454624,0.7184838
422,0.523006,0.0319746,0.0263761,0.0226004,0.1141,0.157014,0.232374178,0.1653957,0.00515932,0.7967133
423,0.551939,0.034433,0.0278541,0.0237479,0.1235,0.166463,0.213663857,0.1819831,0.00582928,0.8778459
424,0.580599,0.0369983,0.0293551,0.0249125,0.1334,0.176316,0.195560106,0.198611,0.00654616,0.959439
425,0.60957,0.0396928,0.0309104,0.0261211,0.1436,0.187096,0.179403669,0.21477,0.0073,1.0390501
426,0.639359,0.0425402,0.0325498,0.0273992,0.1541,0.19921,0.163247233,0.2301868,0.008086507,1.1153673
427,0.669651,0.0455474,0.0342714,0.0287499,0.1651,0.212408,0.148480764,0.2448797,0.00890872,1.1884971
428,0.699829,0.0487161,0.036062,0.0301691,0.1764,0.226225,0.134447376,0.2587773,0.00976768,1.2581233
429,0.729177,0.0520467,0.0379052,0.0316514,0.1879,0.240199,0.120948195,0.2718079,0.01066443,1.3239296
430,0.756885,0.0555384,0.039781,0.0331904,0.1998,0.253865,0.109485145,0.2839,0.0116,1.3856
431,0.782292,0.0591876,0.0416705,0.0347791,0.2119,0.267021,0.098022095,0.2949438,0.01257317,1.4426352
432,0.805666,0.0629819,0.0435728,0.0364149,0.2243,0.279976,0.087590485,0.3048965,0.01358272,1.4948035
433,0.827599,0.0669031,0.0454932,0.0380957,0.2369,0.293034,0.079048077,0.3137873,0.01462968,1.5421903
434,0.84878,0.0709285,0.0474385,0.0398184,0.2496,0.3065,0.070505669,0.3216454,0.01571509,1.5848807
435,0.869984,0.0750299,0.0494172,0.0415794,0.2625,0.320679,0.062641811,0.3285,0.01684,1.62296
436,0.891761,0.0791769,0.0514343,0.043371,0.2755,0.336016,0.05597107,0.3343513,0.01800736,1.6564048
437,0.913444,0.0833463,0.0534735,0.0451718,0.2886,0.352361,0.049300329,0.3392101,0.01921448,1.6852959
438,0.933977,0.087516,0.0555102,0.0469542,0.3017,0.369128,0.043343543,0.3431213,0.02045392,1.7098745
439,0.952218,0.0916625,0.0575166,0.0486872,0.3149,0.385732,0.038592443,0.3461296,0.02171824,1.7303821
440,0.96696,0.0957612,0.0594619,0.0503366,0.3281,0.401587,0.033841343,0.34828,0.023,1.74706
441,0.97734,0.0997977,0.061324,0.0518761,0.3412,0.416472,0.029657512,0.3495999,0.02429461,1.7600446
442,0.984028,0.103804,0.0631288,0.0533222,0.3543,0.430797,0.026394119,0.3501474,0.02561024,1.7696233
443,0.988144,0.107834,0.0649189,0.054706,0.3673,0.444921,0.023130726,0.350013,0.02695857,1.7762637
444,0.990851,0.111948,0.0667425,0.0560634,0.3803,0.459203,0.020111077,0.349287,0.02835125,1.7804334
445,0.993336,0.11622,0.0686538,0.0574339,0.3931,0.474002,0.017471569,0.34806,0.0298,1.7826
446,0.996373,0.120706,0.0706963,0.0588511,0.406,0.489517,0.014832062,0.3463733,0.03131083,1.7829682
447,0.999038,0.125363,0.0728508,0.0603081,0.418,0.505522,0.012576552,0.3442624,0.03288368,1.7816998
448,0.999978,0.130111,0.0750778,0.0617864,0.431,0.521741,0.010896871,0.3418088,0.03452112,1.7791982
449,0.997844,0.134856,0.0773325,0.0632657,0.443,0.537898,0.009217189,0.3390941,0.03622571,1.7758671
450,0.991329,0.139493,0.0795647,0.0647235,0.455,0.553715,0.007576807,0.3362,0.038,1.77211
451,0.979657,0.143943,0.0817368,0.0661475,0.467,0.5691,0.005993107,0.3331977,0.03984667,1.7682589
452,0.963905,0.148281,0.0838826,0.0675726,0.479,0.58424,0.004409407,0.3300411,0.041768,1.764039
453,0.945573,0.152637,0.0860598,0.0690493,0.49,0.599281,0.003468916,0.3266357,0.043766,1.7589438
454,0.926078,0.157157,0.0883322,0.0706328,0.502,0.61437,0.00342092,0.3228868,0.04584267,1.7524663
455,0.906735,0.162006,0.0907704,0.0723834,0.513,0.629654,0.003372923,0.3187,0.048,1.7441
456,0.888509,0.167331,0.0934397,0.0743596,0.524,0.645193,0.003160524,0.3140251,0.05024368,1.7335595
457,0.871353,0.173144,0.0963577,0.0765938,0.535,0.660892,0.002728605,0.308884,0.05257304,1.7208581
458,0.854998,0.179417,0.0995304,0.0791144,0.546,0.67666,0.002296686,0.3032904,0.05498056,1.7059369
459,0.839198,0.186117,0.102964,0.0819535,0.557,0.692409,0.001738783,0.2972579,0.05745872,1.6887372
460,0.823726,0.193202,0.106663,0.0851482,0.567,0.708049,0.00101897,0.2908,0.06,1.6692
461,0.808307,0.200621,0.110629,0.0887266,0.578,0.723594,0.000299157,0.2839701,0.06260197,1.6475287
462,0.792431,0.208315,0.114828,0.0926601,0.588,0.739105,0,0.2767214,0.06527752,1.6234127
463,0.775569,0.216212,0.119217,0.0968972,0.599,0.75456,0,0.2689178,0.06804208,1.5960223
464,0.757244,0.224231,0.12374,0.101375,0.61,0.769938,0,0.2604227,0.07091109,1.564528
465,0.737043,0.232275,0.128336,0.106014,0.62,0.785216,0,0.2511,0.0739,1.5281
466,0.71473,0.240257,0.132947,0.110738,0.631,0.800683,0,0.2408475,0.077016,1.4861114
467,0.690558,0.24816,0.13757,0.115511,0.642,0.816354,0,0.2298512,0.0802664,1.4395215
468,0.66489,0.255987,0.142218,0.120312,0.653,0.831798,0,0.2184072,0.0836668,1.3898799
469,0.638078,0.263744,0.146905,0.125116,0.664,0.846587,0,0.2068115,0.0872328,1.3387362
470,0.610456,0.271441,0.151651,0.129896,0.676,0.860291,0,0.19536,0.09098,1.28764
471,0.582346,0.279097,0.156475,0.13463,0.687,0.872925,0,0.1842136,0.09491755,1.2374223
472,0.554065,0.286755,0.161404,0.139331,0.699,0.88487,0,0.1733273,0.09904584,1.1878243
473,0.525903,0.294476,0.166464,0.144023,0.71,0.896242,0,0.1626881,0.1033674,1.1387611
474,0.498108,0.302323,0.17169,0.148737,0.722,0.907158,0,0.1522833,0.1078846,1.090148
475,0.470894,0.310372,0.177116,0.153507,0.734,0.917734,0,0.1421,0.1126,1.0419
476,0.44445,0.318692,0.182777,0.158364,0.745,0.928345,0,0.1321786,0.117532,0.9941976
477,0.418992,0.327307,0.188685,0.16332,0.757,0.93895,0,0.1225696,0.1226744,0.9473473
478,0.394699,0.336232,0.194845,0.168376,0.769,0.949035,0,0.1132752,0.1279928,0.9014531
479,0.371707,0.34548,0.201261,0.173537,0.781,0.958091,0,0.1042979,0.1334528,0.8566193
480,0.350108,0.355066,0.20794,0.178805,0.793,0.965605,0,0.09564,0.13902,0.8129501
481,0.329904,0.364985,0.214875,0.184182,0.805,0.971976,0,0.08729955,0.1446764,0.7705173
482,0.310864,0.375142,0.222022,0.189656,0.817,0.977833,0,0.07930804,0.1504693,0.7294448
483,0.292741,0.38541,0.229316,0.19521,0.828,0.983006,0,0.07171776,0.1564619,0.6899136
484,0.275338,0.395646,0.236684,0.200826,0.84,0.987325,0,0.06458099,0.1627177,0.6521049
485,0.258497,0.405688,0.244046,0.206483,0.851,0.990621,0,0.05795001,0.1693,0.6162
486,0.242158,0.415435,0.251347,0.212183,0.862,0.993343,0,0.05186211,0.1762431,0.5823286
487,0.226504,0.425064,0.258695,0.218028,0.873,0.995887,0,0.04628152,0.1835581,0.5504162
488,0.211726,0.434851,0.266252,0.224159,0.884,0.998008,0,0.04115088,0.1912735,0.5203376
489,0.19796,0.445097,0.274202,0.23073,0.894,0.999461,0,0.03641283,0.199418,0.4919673
490,0.185297,0.456137,0.282752,0.237916,0.904,1,0,0.03201,0.20802,0.46518
491,0.173751,0.468236,0.292071,0.245871,0.914,0.999561,0,0.0279172,0.2171199,0.4399246
492,0.163149,0.481255,0.302094,0.254602,0.923,0.998365,0,0.0241444,0.2267345,0.4161836
493,0.153311,0.494927,0.312673,0.264076,0.932,0.99659,0,0.020687,0.2368571,0.3938822
494,0.144086,0.508947,0.323637,0.274249,0.941,0.994416,0,0.0175404,0.2474812,0.3729459
495,0.135351,0.52297,0.334786,0.285068,0.949,0.992022,0,0.0147,0.2586,0.3533
496,0.127011,0.536701,0.345943,0.296484,0.957,0.988792,0,0.01216179,0.2701849,0.3348578
497,0.119017,0.550195,0.357126,0.308501,0.964,0.98422,0,0.00991996,0.2822939,0.3175521
498,0.111333,0.563616,0.368416,0.321139,0.97,0.978657,0,0.00796724,0.2950505,0.3013375
499,0.103934,0.57715,0.379907,0.334418,0.976,0.972451,0,0.006296346,0.308578,0.2861686
500,0.096799,0.591003,0.391705,0.348354,0.982,0.965952,0,0.0049,0.323,0.272
501,0.0899169,0.60535,0.403905,0.36296,0.986,0.958844,0,0.003777173,0.3384021,0.2588171
502,0.0832878,0.62016,0.4165,0.378228,0.99,0.950716,0,0.00294532,0.3546858,0.2464838
503,0.0769157,0.635343,0.429453,0.394136,0.994,0.941778,0,0.00242488,0.3716986,0.2347718
504,0.0708052,0.650796,0.44272,0.410658,0.997,0.932236,0,0.002236293,0.3892875,0.2234533
505,0.0649614,0.666404,0.456252,0.42776,0.998,0.922299,0,0.0024,0.4073,0.2123
506,0.0594049,0.682055,0.469997,0.445399,1,0.911832,0,0.00292552,0.4256299,0.2011692
507,0.0542076,0.697672,0.483926,0.46354,1,0.900602,0,0.00383656,0.4443096,0.1901196
508,0.0494281,0.713186,0.498012,0.482138,1,0.888663,0,0.00517484,0.4633944,0.1792254
509,0.0450993,0.728526,0.512227,0.501143,0.998,0.876073,0,0.00698208,0.4829395,0.1685608
510,0.0412337,0.743612,0.526538,0.520497,0.997,0.862888,0,0.0093,0.503,0.1582
511,0.0378142,0.758396,0.540923,0.540139,0.994,0.848801,0,0.01214949,0.5235693,0.1481383
512,0.0347627,0.772966,0.555406,0.560021,0.99,0.833678,0,0.01553588,0.544512,0.1383758
513,0.0320029,0.787457,0.570025,0.580097,0.986,0.817832,0,0.01947752,0.56569,0.1289942
514,0.0294746,0.802017,0.584828,0.600317,0.981,0.801579,0,0.02399277,0.5869653,0.1200751
515,0.02713,0.816808,0.599867,0.620626,0.975,0.785233,0,0.0291,0.6082,0.1117
516,0.0249376,0.831919,0.615162,0.64094,0.968,0.768718,0,0.03481485,0.6293456,0.1039048
517,0.0228931,0.847096,0.630569,0.661077,0.961,0.751807,0,0.04112016,0.6503068,0.09666748
518,0.0209956,0.861972,0.645883,0.680813,0.953,0.734593,0,0.04798504,0.6708752,0.08998272
519,0.0192427,0.876152,0.66088,0.699904,0.944,0.717169,0,0.05537861,0.6908424,0.08384531
520,0.0176298,0.889214,0.675313,0.718089,0.935,0.699628,0,0.06327,0.71,0.07824999
521,0.0161501,0.900812,0.688975,0.735159,0.925,0.681888,0,0.07163501,0.7281852,0.07320899
522,0.0147911,0.911006,0.701886,0.751182,0.915,0.663881,0,0.08046224,0.7454636,0.06867816
523,0.0135407,0.919968,0.71414,0.766314,0.904,0.645724,0,0.08973996,0.7619694,0.06456784
524,0.0123884,0.92789,0.725841,0.780735,0.892,0.627533,0,0.09945645,0.7778368,0.06078835
525,0.0113252,0.934977,0.737108,0.794645,0.88,0.609422,0,0.1096,0.7932,0.05725001
526,0.0103437,0.941414,0.748046,0.808207,0.867,0.591339,0,0.1201674,0.8081104,0.05390435
527,0.00944092,0.947279,0.758684,0.821382,0.854,0.573207,0,0.1311145,0.8224962,0.05074664
528,0.00861365,0.952622,0.769032,0.83407,0.84,0.555105,0,0.1423679,0.8363068,0.04775276
529,0.00785831,0.957498,0.779099,0.846171,0.826,0.537112,0,0.1538542,0.8494916,0.04489859
530,0.00717089,0.961962,0.7889,0.85758,0.811,0.519309,0,0.1655,0.862,0.04216
531,0.00654648,0.96608,0.798472,0.868241,0.796,0.501645,0,0.1772571,0.8738108,0.03950728
532,0.00597777,0.969966,0.807945,0.878306,0.781,0.484067,0,0.18914,0.8849624,0.03693564
533,0.00545794,0.973743,0.817478,0.887991,0.765,0.466643,0,0.2011694,0.8954936,0.03445836
534,0.00498125,0.977539,0.827239,0.897521,0.749,0.449442,0,0.2133658,0.9054432,0.03208872
535,0.00454287,0.981481,0.837403,0.907135,0.733,0.432533,0,0.2257499,0.9148501,0.02984
536,0.00413908,0.985629,0.848078,0.916995,0.717,0.415862,0,0.2383209,0.9237348,0.02771181
537,0.00376794,0.989754,0.859064,0.926929,0.7,0.399372,0,0.2510668,0.9320924,0.02569444
538,0.00342783,0.993551,0.870068,0.936673,0.683,0.383136,0,0.2639922,0.9399226,0.02378716
539,0.00311696,0.996714,0.880779,0.945948,0.667,0.367224,0,0.2771017,0.9472252,0.02198925
540,0.00283352,0.998931,0.890871,0.954468,0.65,0.351707,0,0.2904,0.954,0.0203
541,0.00257556,0.999942,0.900057,0.961983,0.633,0.336537,0,0.3038912,0.9602561,0.01871805
542,0.00234084,0.999692,0.908253,0.968439,0.616,0.321647,0,0.3175726,0.9660074,0.01724036
543,0.00212722,0.998178,0.915433,0.973829,0.599,0.307085,0,0.3314384,0.9712606,0.01586364
544,0.00193276,0.995405,0.921575,0.978152,0.581,0.292899,0,0.3454828,0.9760225,0.01458461
545,0.00175573,0.991383,0.92666,0.981411,0.564,0.279135,0,0.3597,0.9803,0.0134
546,0.00159455,0.986199,0.930744,0.983667,0.548,0.265737,0,0.3740839,0.9840924,0.01230723
547,0.00144783,0.980229,0.93416,0.985208,0.531,0.252648,0,0.3886396,0.9874182,0.01130188
548,0.0013143,0.973906,0.937318,0.986381,0.514,0.239917,0,0.4033784,0.9903128,0.01037792
549,0.00119281,0.967653,0.940634,0.987536,0.497,0.227592,0,0.4183115,0.9928116,0.009529306
550,0.0010823,0.961876,0.944527,0.989023,0.481,0.215722,0,0.4334499,0.9949501,0.008749999
551,0.000981819,0.95682,0.949291,0.991081,0.465,0.204238,0,0.4487953,0.9967108,0.0080352
552,0.000890533,0.952151,0.95468,0.993491,0.448,0.193075,0,0.464336,0.9980983,0.0073816
553,0.000807687,0.947398,0.960309,0.995917,0.433,0.182288,0,0.480064,0.999112,0.0067854
554,0.000732568,0.942105,0.965785,0.998021,0.417,0.17193,0,0.4959713,0.9997482,0.0062428
555,0.000664512,0.935829,0.970703,0.999461,0.402,0.162056,0,0.5120501,1,0.005749999
556,0.000602887,0.928274,0.974756,0.999993,0.3864,0.152601,0,0.5282959,0.9998567,0.0053036
557,0.000547062,0.919667,0.978055,0.999756,0.3715,0.143487,0,0.5446916,0.9993046,0.0048998
558,0.000496461,0.910356,0.980819,0.998984,0.3569,0.134748,0,0.5612094,0.9983255,0.0045342
559,0.000450571,0.900677,0.983271,0.997912,0.3427,0.126416,0,0.5778215,0.9968987,0.0042024
560,0.000408931,0.890949,0.985636,0.996774,0.3288,0.118526,0,0.5945,0.995,0.0039
561,0.000371136,0.881386,0.988085,0.995736,0.3151,0.111007,0,0.6112209,0.9926005,0.0036232
562,0.000336838,0.871834,0.99056,0.994711,0.3018,0.103793,0,0.6279758,0.9897426,0.0033706
563,0.000305723,0.862059,0.992945,0.993553,0.2888,0.0969206,0,0.6447602,0.9864444,0.0031414
564,0.000277504,0.85184,0.995124,0.992116,0.2762,0.0904259,0,0.6615697,0.9827241,0.0029348
565,0.000251918,0.840969,0.996979,0.990255,0.2639,0.0843457,0,0.6784,0.9786,0.002749999
566,0.000228725,0.829303,0.998411,0.98786,0.2519,0.0786198,0,0.6952392,0.9740837,0.0025852
567,0.000207699,0.816911,0.999391,0.984932,0.2403,0.073175,0,0.7120586,0.9691712,0.0024386
568,0.000188638,0.80391,0.999912,0.981504,0.2291,0.0680288,0,0.7288284,0.9638568,0.0023094
569,0.000171357,0.790413,0.999965,0.977603,0.2182,0.0631984,0,0.7455188,0.9581349,0.0021968
570,0.000155688,0.776526,0.999543,0.973261,0.2076,0.0587013,0,0.7621,0.952,0.0021
571,0.00014148,0.762311,0.998615,0.968476,0.1974,0.0544832,0,0.7785432,0.9454504,0.002017733
572,0.000128596,0.747669,0.997051,0.963137,0.1876,0.0504889,0,0.7948256,0.9384992,0.0019482
573,0.000116912,0.732476,0.994701,0.957106,0.1782,0.0467344,0,0.8109264,0.9311628,0.0018898
574,0.000106316,0.716622,0.991416,0.950254,0.169,0.0432357,0,0.8268248,0.9234576,0.001840933
575,9.67045E-05,0.700013,0.987057,0.942457,0.1602,0.0400089,0,0.8425,0.9154,0.0018
576,8.79858E-05,0.682647,0.981599,0.93369,0.1517,0.0370102,0,0.8579325,0.9070064,0.001766267
577,8.00756E-05,0.664817,0.975451,0.924289,0.1436,0.0341903,0,0.8730816,0.8982772,0.0017378
578,7.28979E-05,0.646858,0.96912,0.914671,0.1358,0.0315562,0,0.8878944,0.8892048,0.0017112
579,6.63837E-05,0.629072,0.963093,0.905233,0.1284,0.0291153,0,0.9023181,0.8797816,0.001683067
580,6.04705E-05,0.611728,0.957841,0.896361,0.1212,0.0268747,0,0.9163,0.87,0.001650001
581,0.000055102,0.594998,0.953664,0.888307,0.1143,0.0248014,0,0.9297995,0.8598613,0.001610133
582,5.02269E-05,0.578783,0.950236,0.880846,0.1078,0.0228597,0,0.9427984,0.849392,0.0015644
583,4.57988E-05,0.562935,0.947086,0.873645,0.1015,0.0210534,0,0.9552776,0.838622,0.0015136
584,4.17759E-05,0.547321,0.943752,0.866376,0.0956,0.0193864,0,0.9672179,0.8275813,0.001458533
585,3.81202E-05,0.531825,0.939781,0.85872,0.0899,0.0178624,0,0.9786,0.8163,0.0014
586,3.47974E-05,0.516354,0.934826,0.85043,0.0845,0.0164578,0,0.9893856,0.8047947,0.001336667
587,3.17763E-05,0.50087,0.928917,0.841505,0.0793,0.015147,0,0.9995488,0.793082,0.00127
588,2.90288E-05,0.48535,0.922177,0.832011,0.0745,0.0139314,0,1.0090892,0.781192,0.001205
589,2.65294E-05,0.469777,0.914729,0.822015,0.0699,0.012812,0,1.0180064,0.7691547,0.001146667
590,2.42549E-05,0.454142,0.906693,0.811587,0.0655,0.0117901,0,1.0263,0.757,0.0011
591,2.21847E-05,0.438454,0.89817,0.800787,0.0613,0.0108488,0,1.0339827,0.7447541,0.0010688
592,2.02996E-05,0.422778,0.889188,0.789652,0.0574,0.00997112,0,1.040986,0.7324224,0.0010494
593,1.85826E-05,0.407188,0.879759,0.778205,0.0537,0.0091585,0,1.047188,0.7200036,0.0010356
594,1.70182E-05,0.391752,0.869894,0.766473,0.0502,0.00841242,0,1.0524667,0.7074965,0.0010212
595,1.55924E-05,0.376527,0.859605,0.754479,0.0469,0.0077343,0,1.0567,0.6949,0.001
596,1.42924E-05,0.361559,0.848912,0.742247,0.0438,0.00711255,0,1.0597944,0.6822192,0.00096864
597,1.31066E-05,0.346856,0.837865,0.729823,0.0409,0.00653476,0,1.0617992,0.6694716,0.00092992
598,1.20248E-05,0.332422,0.826522,0.717252,0.03816,0.0060011,0,1.0628068,0.6566744,0.00088688
599,1.10373E-05,0.318261,0.81494,0.704582,0.03558,0.00551174,0,1.0629096,0.6438448,0.00084256
600,1.01356E-05,0.304378,0.803173,0.691855,0.03315,0.00506686,0,1.0622,0.631,0.0008
601,9.31202E-06,0.290784,0.791253,0.679101,0.03087,0.00465869,0,1.0607352,0.6181555,0.00076096
602,8.55941E-06,0.277506,0.779118,0.666285,0.02874,0.00427946,0,1.0584436,0.6053144,0.00072368
603,7.87141E-06,0.264575,0.766691,0.653359,0.02674,0.00392939,0,1.0552244,0.5924756,0.00068592
604,7.24221E-06,0.252012,0.7539,0.640281,0.02487,0.00360872,0,1.0509768,0.5796379,0.00064544
605,6.66657E-06,0.239837,0.74068,0.627007,0.02312,0.00331766,0,1.0456,0.5668,0.0006
606,6.1397E-06,0.228065,0.726995,0.613515,0.02147,0.00305109,0,1.0390369,0.5539611,0.000547867
607,5.65727E-06,0.216703,0.712905,0.599849,0.01994,0.00280374,0,1.0313608,0.5411372,0.0004916
608,5.21535E-06,0.205754,0.698491,0.586068,0.01851,0.0025756,0,1.0226662,0.5283528,0.0004354
609,4.81036E-06,0.195221,0.683829,0.572226,0.01718,0.00236668,0,1.0130477,0.5156323,0.000383467
610,4.43906E-06,0.185104,0.668991,0.558375,0.01593,0.00217698,0,1.0026,0.503,0.00034
611,4.0985E-06,0.175398,0.654037,0.544554,0.01477,0.00200317,0,0.9913675,0.4904688,0.000307253
612,3.78599E-06,0.166091,0.638979,0.530767,0.01369,0.0018419,0,0.9793314,0.4780304,0.00028316
613,3.49911E-06,0.157169,0.623825,0.517013,0.01269,0.00169317,0,0.9664916,0.4656776,0.00026544
614,3.23563E-06,0.14862,0.608579,0.503289,0.01175,0.00155692,0,0.9528479,0.4534032,0.000251813
615,2.99354E-06,0.140431,0.593248,0.489595,0.01088,0.00143314,0,0.9384,0.4412,0.00024
616,0,0.132591,0.577857,0.475944,0.01007,0.00131972,0,0.923194,0.42908,0.000229547
617,0,0.125092,0.562493,0.462396,0.00932,0.00121451,0,0.907244,0.417036,0.00022064
618,0,0.117928,0.547248,0.449015,0.00862,0.00111743,0,0.890502,0.405032,0.00021196
619,0,0.111091,0.532209,0.435862,0.00797,0.00102839,0,0.87292,0.393032,0.000202187
620,0,0.104573,0.517449,0.42299,0.00737,0.000947313,0,0.8544499,0.381,0.00019
621,0,0.0983663,0.502993,0.410415,0.00682,0.000872814,0,0.835084,0.3689184,0.000174213
622,0,0.0924685,0.488692,0.398036,0.0063,0.000803576,0,0.814946,0.3568272,0.00015564
623,0,0.0868759,0.474376,0.38573,0.00582,0.00073962,0,0.794186,0.3447768,0.00013596
624,0,0.0815834,0.459896,0.373391,0.00538,0.00068097,0,0.772954,0.3328176,0.000116853
625,0,0.0765841,0.445125,0.360924,0.00497,0.000627648,0,0.7514,0.321,0.0001
626,0,0.0718683,0.430007,0.348286,0.00459,0.000578753,0,0.7295836,0.3093381,8.61333E-05
627,0,0.0674186,0.414687,0.33557,0.00424,0.000533358,0,0.7075888,0.2978504,0.0000746
628,0,0.0632176,0.39934,0.322896,0.003913,0.00049144,0,0.6856022,0.2865936,0.000065
629,0,0.0592492,0.384122,0.31037,0.003613,0.00045298,0,0.6638104,0.2756245,5.69333E-05
630,0,0.055499,0.369168,0.298086,0.003335,0.000417955,0,0.6424,0.265,5E-05
631,0,0.051955,0.35458,0.286116,0.003079,0.000385789,0,0.6215149,0.2547632,0.00004416
632,0,0.0486103,0.340389,0.274482,0.002842,0.000355905,0,0.6011138,0.2448896,0.00003948
633,0,0.0454591,0.326609,0.263195,0.002623,0.000328289,0,0.5811052,0.2353344,0.00003572
634,0,0.0424945,0.313249,0.252263,0.002421,0.000302926,0,0.5613977,0.2260528,0.00003264
635,0,0.0397097,0.300316,0.24169,0.002235,0.000279801,0,0.5419,0.217,0.00003
636,0,0.0370952,0.287817,0.231481,0.002062,0.000258544,0,0.5225995,0.2081616,2.76533E-05
637,0,0.0346347,0.275762,0.221638,0.001903,0.000238785,0,0.5035464,0.1995488,0.00002556
638,0,0.0323125,0.264158,0.212162,0.001757,0.000220508,0,0.4847436,0.1911552,0.00002364
639,0,0.0301151,0.253009,0.203054,0.001621,0.000203699,0,0.4661939,0.1829744,2.18133E-05
640,0,0.0280314,0.242316,0.194312,0.001497,0.000188341,0,0.4479,0.175,0.00002
641,0,0.0260564,0.232061,0.185923,0.001382,0.000174192,0,0.4298613,0.1672235,1.81333E-05
642,0,0.0242011,0.222158,0.177827,0.001276,0.00016102,0,0.412098,0.1596464,0.0000162
643,0,0.022476,0.212516,0.169965,0.001178,0.000148821,0,0.394644,0.1522776,0.0000142
644,0,0.020887,0.20306,0.162284,0.001088,0.000137594,0,0.3775333,0.1451259,1.21333E-05
645,0,0.0194366,0.19373,0.15474,0.001005,0.000127337,0,0.3608,0.1382,0.00001
646,0,0.01812,0.184495,0.147308,0.000928,0.000117891,0,0.3444563,0.1315003,7.73333E-06
647,0,0.0169149,0.175402,0.140017,0.000857,0.000109096,0,0.3285168,0.1250248,0.0000054
648,0,0.0157991,0.166509,0.132901,0.000792,0.000100949,0,0.3130192,0.1187792,0.0000032
649,0,0.0147543,0.157865,0.125991,0.000732,9.34437E-05,0,0.2980011,0.1127691,1.33333E-06
650,0,0.013766,0.149509,0.119312,0.000677,8.65751E-05,0,0.2835,0.107,0
651,0,0.0128246,0.14147,0.112882,0.000626,8.02405E-05,0,0.2695448,0.1014762,0
652,0,0.0119304,0.13376,0.106711,0.000579,7.43383E-05,0,0.2561184,0.09618864,0
653,0,0.011085,0.126383,0.100805,0.000536,0.000068865,0,0.2431896,0.09112296,0
654,0,0.0102892,0.119343,0.0951665,0.000496,6.38172E-05,0,0.2307272,0.08626485,0
655,0,0.00954315,0.112638,0.0897959,0.000459,5.91914E-05,0,0.2187,0.0816,0
656,0,0.00884609,0.106264,0.0846904,0.000425,5.49203E-05,0,0.2070971,0.07712064,0
657,0,0.008196,0.100208,0.0798401,0.0003935,5.09374E-05,0,0.1959232,0.07282552,0
658,0,0.00759059,0.0944558,0.0752337,0.0003645,4.72404E-05,0,0.1851708,0.06871008,0
659,0,0.00702754,0.0889934,0.0708606,0.0003377,4.38269E-05,0,0.1748323,0.06476976,0
660,0,0.00650455,0.0838077,0.0667104,0.0003129,4.06945E-05,0,0.1649,0.061,0
661,0,0.00601952,0.0788866,0.0627736,0.0002901,0.000037799,0,0.1553667,0.05739621,0
662,0,0.00557093,0.0742192,0.0590418,0.0002689,3.50966E-05,0,0.14623,0.05395504,0
663,0,0.00515728,0.0697953,0.055507,0.0002493,3.25857E-05,0,0.13749,0.05067376,0
664,0,0.00477687,0.065605,0.0521614,0.0002313,3.02647E-05,0,0.1291467,0.04754965,0
665,0,0.00442794,0.0616384,0.048997,0.0002146,0.000028132,0,0.1212,0.04458,0
666,0,0.00410832,0.0578857,0.0460058,0.0001991,2.61587E-05,0,0.1136397,0.04175872,0
667,0,0.0038147,0.0543366,0.0431788,0.0001848,2.43158E-05,0,0.106465,0.03908496,0
668,0,0.00354392,0.0509811,0.0405075,0.0001716,2.26017E-05,0,0.09969044,0.03656384,0
669,0,0.00329329,0.0478096,0.0379838,0.0001593,2.10148E-05,0,0.09333061,0.03420048,0
670,0,0.0030605,0.0448132,0.0355998,0.000148,1.95535E-05,0,0.0874,0.032,0
671,0,0.00284369,0.0419831,0.0333486,0.0001375,1.81982E-05,0,0.08190096,0.02996261,0
672,0,0.00264175,0.0393111,0.0312233,0.0001277,1.69302E-05,0,0.07680428,0.02807664,0
673,0,0.00245374,0.0367892,0.0292178,0.0001187,1.57493E-05,0,0.07207712,0.02632936,0
674,0,0.00227875,0.0344098,0.027326,0.0001104,1.46553E-05,0,0.06768664,0.02470805,0
675,0,0.00211596,0.032166,0.0255422,0.0001026,0.000013648,0,0.0636,0.0232,0
676,0,0.00196456,0.0300509,0.0238612,0.0000954,1.27143E-05,0,0.05980685,0.02180077,0
677,0,0.00182378,0.0280594,0.0222786,0.0000888,1.18407E-05,0,0.05628216,0.02050112,0
678,0,0.00169287,0.0261861,0.0207902,0.0000826,1.10269E-05,0,0.05297104,0.01928108,0
679,0,0.00157115,0.024426,0.0193919,0.0000769,1.02723E-05,0,0.04981861,0.01812069,0
680,0,0.00145798,0.0227738,0.0180794,0.0000715,9.57637E-06,0,0.04677,0.017,0
681,0,0.00135274,0.0212238,0.0168482,0.0000666,8.93033E-06,0,0.04378405,0.01590379,0
682,0,0.00125476,0.0197679,0.0156919,0.000062,8.32543E-06,0,0.04087536,0.01483718,0
683,0,0.0011634,0.0183986,0.0146045,0.0000578,7.76135E-06,0,0.03807264,0.01381068,0
684,0,0.00107812,0.0171092,0.0135806,0.0000538,7.23773E-06,0,0.03540461,0.01283478,0
685,0,0.000998424,0.0158939,0.0126157,0.0000501,6.75425E-06,0,0.0329,0.01192,0
686,0,0.000923962,0.0147492,0.011707,0.0000467,6.30499E-06,0,0.03056419,0.01106831,0
687,0,0.000854713,0.0136773,0.0108561,0.0000436,5.88407E-06,0,0.02838056,0.01027339,0
688,0,0.000790652,0.0126804,0.0100648,0.0000406,5.49115E-06,0,0.02634484,0.009533311,0
689,0,0.000731684,0.011759,0.00933338,0.00003789,5.12592E-06,0,0.02445275,0.008846157,0
690,0,0.000677653,0.0109123,0.00866128,0.00003533,4.78804E-06,0,0.0227,0.00821,0
691,0,0.000628297,0.0101373,0.00804605,0.00003295,4.47347E-06,0,0.02108429,0.007623781,0
692,0,0.000583108,0.00942568,0.00748113,0.00003075,4.17829E-06,0,0.01959988,0.007085424,0
693,0,0.000541584,0.00876917,0.00695999,0.0000287,3.90243E-06,0,0.01823732,0.006591476,0
694,0,0.000503294,0.00816076,0.00647707,0.00002679,3.64583E-06,0,0.01698717,0.006138485,0
695,0,0.00046787,0.00759453,0.00602768,0.00002501,3.40841E-06,0,0.01584,0.005723,0
696,0,0.000435007,0.00706588,0.00560817,0.00002336,3.18739E-06,0,0.01479064,0.005343059,0
697,0,0.00040449,0.00657252,0.00521669,0.00002182,2.97998E-06,0,0.01383132,0.004995796,0
698,0,0.000376138,0.00611262,0.00485179,0.00002038,2.78604E-06,0,0.01294868,0.004676404,0
699,0,0.000349784,0.0056844,0.00451201,0.00001905,2.60548E-06,0,0.0121292,0.004380075,0
700,0,0.000325278,0.00528607,0.00419594,0.0000178,2.43819E-06,0,0.01135916,0.004102,0
701,0,0.000302477,0.00491573,0.00390206,0.00001664,2.28225E-06,0,0.01062935,0.003838453,0
702,0,0.000281237,0.00457086,0.00362837,0.00001556,2.1358E-06,0,0.009938846,0.003589099,0
703,0,0.000261427,0.00424908,0.00337301,0.00001454,1.99874E-06,0,0.009288422,0.003354219,0
704,0,0.00024293,0.00394832,0.00313432,0.0000136,1.87101E-06,0,0.008678854,0.003134093,0
705,0,0.000225641,0.00366675,0.00291086,0.00001273,1.75252E-06,0,0.008110916,0.002929,0
706,0,0.000209478,0.00340297,0.00270153,0.00001191,1.64197E-06,0,0.007582388,0.002738139,0
707,0,0.0001944,0.00315632,0.0025058,0.00001114,1.53806E-06,0,0.007088746,0.002559876,0
708,0,0.00018037,0.00292624,0.00232323,0.00001043,1.44073E-06,0,0.006627313,0.002393244,0
709,0,0.000167347,0.00271213,0.00215333,0.00000976,1.34993E-06,0,0.006195408,0.002237275,0
710,0,0.000155286,0.00251327,0.00199556,0.00000914,1.2656E-06,0,0.005790346,0.002091,0
711,0,0.000144135,0.00232895,0.00184932,0.00000856,1.18683E-06,0,0.005409826,0.001953587,0
712,0,0.00013383,0.00215836,0.00171398,0.00000802,1.11273E-06,0,0.005052583,0.00182458,0
713,0,0.000124309,0.00200071,0.0015889,0.00000751,1.04326E-06,0,0.004717512,0.00170358,0
714,0,0.000115513,0.00185521,0.00147345,0.00000704,9.78385E-07,0,0.004403507,0.001590187,0
715,0,0.000107388,0.00172108,0.00136702,0.0000066,9.18078E-07,0,0.004109457,0.001484,0
716,0,0.00009988,0.0015975,0.00126895,0.00000618,8.61705E-07,0,0.003833913,0.001384496,0
717,0,0.000092932,0.00148342,0.00117842,0.0000058,8.0864E-07,0,0.003575748,0.001291268,0
718,0,8.64907E-05,0.00137787,0.00109464,0.00000544,7.58853E-07,0,0.003334342,0.001204092,0
719,0,0.000080509,0.00127998,0.00101694,0.0000051,7.12313E-07,0,0.003109075,0.001122744,0
720,0,7.49453E-05,0.001189,0.000944727,0.00000478,6.68991E-07,0,0.002899327,0.001047,0
721,0,6.97652E-05,0.00110433,0.000877517,0.00000449,6.28444E-07,0,0.002704348,0.00097659,0
722,0,0.000064947,0.00102563,0.000815044,0.00000421,5.90239E-07,0,0.00252302,0.000911109,0
723,0,6.04718E-05,0.000952602,0.000757076,0.000003951,5.54363E-07,0,0.002354168,0.000850133,0
724,0,5.63207E-05,0.000884959,0.000703376,0.000003709,5.20798E-07,0,0.002196616,0.000793238,0
725,0,5.24748E-05,0.000822396,0.000653705,0.000003482,4.89531E-07,0,0.00204919,0.00074,0
726,0,4.89142E-05,0.000764585,0.000607805,0.00000327,4.60251E-07,0,0.00191096,0.000690083,0
727,0,4.56137E-05,0.00071111,0.000565344,0.00000307,4.32648E-07,0,0.001781438,0.00064331,0
728,0,0.000042549,0.00066157,0.000526005,0.000002884,4.0671E-07,0,0.00166011,0.000599496,0
729,0,3.96989E-05,0.000615612,0.000489506,0.00000271,3.8242E-07,0,0.001546459,0.000558455,0
730,0,3.70443E-05,0.000572917,0.000455597,0.000002546,3.59766E-07,0,0.001439971,0.00052,0
731,0,3.45688E-05,0.000533206,0.000424055,0.000002393,3.38528E-07,0,0.001340042,0.000483914,0
732,0,3.22588E-05,0.000496234,0.000394686,0.00000225,3.1849E-07,0,0.001246275,0.000450053,0
733,0,3.01026E-05,0.000461782,0.000367318,0.000002115,2.99644E-07,0,0.001158471,0.000418345,0
734,0,2.80893E-05,0.000429654,0.000341794,0.000001989,2.81981E-07,0,0.00107643,0.000388718,0
735,0,2.62088E-05,0.00039967,0.000317974,0.00000187,2.65493E-07,0,0.000999949,0.0003611,0
736,0,2.44529E-05,0.00037169,0.000295744,0.000001759,2.50026E-07,0,0.000928736,0.000335384,0
737,0,2.28177E-05,0.00034565,0.000275056,0.000001655,2.35424E-07,0,0.000862433,0.00031144,0
738,0,2.12995E-05,0.000321494,0.000255864,0.000001557,2.21681E-07,0,0.00080075,0.000289166,0
739,0,1.98941E-05,0.000299155,0.000238114,0.000001466,2.08789E-07,0,0.000743396,0.000268454,0
740,0,1.85965E-05,0.000278553,0.000221745,0.000001379,1.9674E-07,0,0.000690079,0.0002492,0
741,0,1.74003E-05,0.000259583,0.000206671,0.000001299,1.85426E-07,0,0.000640516,0.000231302,0
742,0,1.62931E-05,0.000242061,0.000192747,0.000001223,1.74736E-07,0,0.000594502,0.000214686,0
743,0,1.52632E-05,0.000225809,0.000179831,0.000001151,1.64666E-07,0,0.000551865,0.000199288,0
744,0,1.43005E-05,0.000210674,0.000167802,0.000001084,1.55212E-07,0,0.000512429,0.000185048,0
745,0,1.33965E-05,0.000196528,0.000156557,0.000001022,1.4637E-07,0,0.000476021,0.0001719,0
746,0,1.25449E-05,0.000183271,0.000146017,0.000000962,1.38062E-07,0,0.000442454,0.000159778,0
747,0,1.17441E-05,0.000170868,0.000136153,0.000000907,1.30208E-07,0,0.000411512,0.000148604,0
748,0,1.09929E-05,0.00015929,0.000126945,0.000000855,1.22805E-07,0,0.000382981,0.000138302,0
749,0,0.00001029,0.000148506,0.000118367,0.000000806,1.15848E-07,0,0.000356649,0.000128793,0
750,0,9.63397E-06,0.000138482,0.000110393,0.00000076,1.09332E-07,0,0.000332301,0.00012,0
751,0,9.02263E-06,0.000129179,0.000102991,0.000000716,1.03202E-07,0,0.000309759,0.00011186,0
752,0,8.45301E-06,0.000120542,9.61184E-05,0.000000675,9.74005E-08,0,0.000288887,0.000104322,0
753,0,7.92207E-06,0.000112519,8.97332E-05,0.000000637,9.19274E-08,0,0.000269539,9.73356E-05,0
754,0,0.000007427,0.000105061,8.37969E-05,0.000000601,8.67807E-08,0,0.000251568,9.08459E-05,0
755,0,6.96522E-06,9.81226E-05,7.82744E-05,0.000000567,8.19587E-08,0,0.000234826,0.0000848,0
756,0,6.53422E-06,9.16641E-05,7.31331E-05,0.000000535,7.74202E-08,0,0.000219171,7.91467E-05,0
757,0,6.13129E-06,8.56455E-05,6.83414E-05,0.000000505,7.31243E-08,0,0.000204526,0.000073858,0
758,0,5.75391E-06,8.00302E-05,6.38704E-05,0.000000477,6.90693E-08,0,0.000190841,0.000068916,0
759,0,5.39984E-06,7.47858E-05,5.96939E-05,0.00000045,6.52534E-08,0,0.000178065,6.43027E-05,0
760,0,5.06711E-06,6.98827E-05,5.57886E-05,0.000000425,6.16749E-08,0,0.000166151,0.00006,0
761,0,4.75413E-06,6.52966E-05,5.21351E-05,0.000000401,5.83044E-08,0,0.000155024,5.59819E-05,0
762,0,4.46019E-06,6.10128E-05,4.87218E-05,0.000000379,5.51124E-08,0,0.000144622,5.22256E-05,0
763,0,4.18466E-06,5.70183E-05,4.55385E-05,0.000000358,5.20972E-08,0,0.00013491,4.87184E-05,0
764,0,3.9269E-06,5.32996E-05,4.25744E-05,3.382E-07,4.92575E-08,0,0.000125852,4.54475E-05,0
765,0,3.68617E-06,0.000049843,3.98188E-05,3.196E-07,4.65916E-08,0,0.000117413,0.0000424,0
766,0,3.46157E-06,4.66322E-05,3.72588E-05,3.021E-07,4.40782E-08,0,0.000109552,3.9561E-05,0
767,0,3.25155E-06,4.36424E-05,3.48747E-05,2.855E-07,4.16962E-08,0,0.000102225,3.69151E-05,0
768,0,3.05464E-06,4.08501E-05,3.26477E-05,2.699E-07,3.94444E-08,0,9.53945E-05,3.44487E-05,0
769,0,2.86951E-06,3.82346E-05,3.05614E-05,2.552E-07,3.73218E-08,0,8.90239E-05,3.21482E-05,0
770,0,2.69504E-06,3.57781E-05,2.86018E-05,2.413E-07,3.53272E-08,0,8.30753E-05,0.00003,0
771,0,2.5304E-06,3.34676E-05,2.67584E-05,2.282E-07,3.34451E-08,0,7.75127E-05,2.79913E-05,0
772,0,2.3755E-06,3.13007E-05,2.50294E-05,2.159E-07,3.166E-08,0,7.2313E-05,2.61136E-05,0
773,0,2.23033E-06,2.92761E-05,2.34137E-05,2.042E-07,2.99712E-08,0,6.74578E-05,2.43602E-05,0
774,0,2.09478E-06,2.73908E-05,2.19091E-05,1.932E-07,2.83782E-08,0,6.29284E-05,2.27246E-05,0
775,0,1.96864E-06,2.56411E-05,2.05126E-05,1.829E-07,2.68803E-08,0,5.87065E-05,0.0000212,0
776,0,1.85152E-06,2.40205E-05,0.000019219,1.731E-07,2.548E-08,0,5.47703E-05,1.97786E-05,0
777,0,1.74248E-06,0.000022516,0.000018018,1.638E-07,2.4166E-08,0,5.10992E-05,1.84529E-05,0
778,0,1.6406E-06,2.11145E-05,0.000016899,1.551E-07,2.29167E-08,0,4.76765E-05,1.72169E-05,0
779,0,1.54507E-06,1.98046E-05,1.58531E-05,1.468E-07,2.17105E-08,0,4.44857E-05,1.60646E-05,0
780,0,1.45518E-06,1.85766E-05,1.48724E-05,0.000000139,2.05258E-08,0,4.15099E-05,0.00001499,0